Date,Content
2017-12-31,https://boxd.it/hKXJJ
2017-12-31,https://boxd.it/lZWfJ
2017-12-31,https://boxd.it/mtxY5
2018-01-24,https://boxd.it/ndund
2018-01-24,https://boxd.it/nttp5
2018-01-24,https://boxd.it/lY1F9
2018-01-24,https://boxd.it/mgWeP
2018-01-27,https://boxd.it/o5vEH
2018-01-27,https://boxd.it/jqqx
2018-01-27,https://boxd.it/4Hy2n
2018-01-30,https://boxd.it/4Lkvj
2018-02-09,https://boxd.it/olRcR
2018-02-09,https://boxd.it/aXJz
2018-02-09,https://boxd.it/oa3I7
2018-02-11,https://boxd.it/okDkZ
2018-02-12,https://boxd.it/iiprf
2018-02-12,https://boxd.it/WdG1
2018-02-13,https://boxd.it/oGWs3
2018-02-13,https://boxd.it/8pSt
2018-02-13,https://boxd.it/iWVWz
2018-03-03,https://boxd.it/oS2jD
2018-03-08,https://boxd.it/9GOYv
2018-04-11,https://boxd.it/81Hsh
2018-04-11,https://boxd.it/7OplV
2018-04-17,https://boxd.it/mAFrn
2018-04-24,https://boxd.it/15xyz
2018-04-28,https://boxd.it/zm0d
2018-04-30,https://boxd.it/rvNRX
2018-05-14,https://boxd.it/s0ZrT
2018-06-01,https://boxd.it/sAfwP
2018-06-07,https://boxd.it/sN3q7
2018-06-07,https://boxd.it/gCfJF
2018-06-07,https://boxd.it/2nUHJ
2018-06-07,https://boxd.it/s8F13
2018-06-07,https://boxd.it/rUxJD
2018-06-12,https://boxd.it/iaap3
2018-09-25,https://boxd.it/2ILkD
2018-10-08,https://boxd.it/jAjdV
2018-10-08,https://boxd.it/wVnyx
2018-10-16,https://boxd.it/xE5tz
2018-11-15,https://boxd.it/kEp1
2018-11-15,https://boxd.it/rvmwj
2018-11-15,https://boxd.it/vcL85
2018-12-13,https://boxd.it/9JBf
2019-07-12,https://boxd.it/L2FEj
2019-07-31,https://boxd.it/xoelx
2019-09-25,https://boxd.it/tjlZ
2019-10-05,https://boxd.it/IHuct
2019-10-05,https://boxd.it/AINWZ
2019-10-05,https://boxd.it/ASAkN
2019-10-22,https://boxd.it/uCzmn
2019-10-22,https://boxd.it/vbHwl
2019-10-28,https://boxd.it/PFGcz
2019-10-28,https://boxd.it/PuSVT
2019-10-28,https://boxd.it/QdDbr
2019-12-02,https://boxd.it/dDqNX
2019-12-02,https://boxd.it/S7Lvl
2019-12-02,https://boxd.it/HXUvf
2020-01-01,https://boxd.it/Pthpp
2020-01-01,https://boxd.it/K4Kov
2020-01-11,https://boxd.it/UcXht
2020-01-13,https://boxd.it/we2R3
2020-01-23,https://boxd.it/ktI8B
2020-02-20,https://boxd.it/dvoQJ
2020-02-20,https://boxd.it/seA9t
2020-03-21,https://boxd.it/XH4It
2020-04-01,https://boxd.it/13zMN1
2020-04-12,https://boxd.it/Ph35V
2020-04-15,https://boxd.it/15kP2Z
2020-04-20,https://boxd.it/XZsJB
2020-04-20,https://boxd.it/QjEbf
2020-04-20,https://boxd.it/1daTZ
2020-05-29,https://boxd.it/jRm9B
2020-07-16,https://boxd.it/LKd6r
2020-07-21,https://boxd.it/qGij
2020-07-29,https://boxd.it/1eGosB
2020-07-29,https://boxd.it/1f4SCf
2020-07-30,https://boxd.it/n8rnp
2020-07-30,https://boxd.it/cxn4p
2020-08-28,https://boxd.it/PkdHV
2020-09-05,https://boxd.it/18XbLZ
2020-09-05,https://boxd.it/18TtsN
2020-09-23,https://boxd.it/1lAUBV
2020-11-01,https://boxd.it/1q3lbd
2020-11-01,https://boxd.it/1qabyl
2020-11-01,https://boxd.it/1r0Gmp
2020-11-01,https://boxd.it/1pulln
2020-11-01,https://boxd.it/1otcp5
2020-11-01,https://boxd.it/1nbQ7P
2020-11-01,https://boxd.it/1moP1t
2020-11-11,https://boxd.it/BNmIP
2020-11-11,https://boxd.it/OUvel
2020-11-19,https://boxd.it/1sszR1
2020-12-07,https://boxd.it/1ria53
2020-12-07,https://boxd.it/k7wP5
2020-12-07,https://boxd.it/1jOSIl
2020-12-10,https://boxd.it/1kSPwt
2020-12-13,https://boxd.it/f0qsP
2020-12-13,https://boxd.it/hLYkR
2020-12-15,https://boxd.it/kXPhl
2020-12-15,https://boxd.it/ATMql
2020-12-21,https://boxd.it/1wrehv
2020-12-21,https://boxd.it/1tqfgp
2020-12-25,https://boxd.it/1wOXPt
2020-12-27,https://boxd.it/zKnb
2021-01-02,https://boxd.it/4hdUL
2021-01-02,https://boxd.it/vA2Yt
2021-01-02,https://boxd.it/a1fwD
2021-01-02,https://boxd.it/1fWEx
2021-01-04,https://boxd.it/1lkPf
2021-01-04,https://boxd.it/PWLll
2021-01-04,https://boxd.it/u8iH
2021-01-05,https://boxd.it/1yZPRr
2021-01-05,https://boxd.it/PhUI7
2021-01-05,https://boxd.it/140H0x
2021-01-05,https://boxd.it/4HlCx
2021-01-08,https://boxd.it/1zgymF
2021-01-08,https://boxd.it/1yVCMF
2021-01-08,https://boxd.it/3a8l
2021-01-10,https://boxd.it/i4ZOh
2021-01-16,https://boxd.it/mgHuj
2021-01-27,https://boxd.it/vobbL
2021-01-27,https://boxd.it/v9LAn
2021-01-27,https://boxd.it/vpGRb
2021-01-27,https://boxd.it/PTrLR
2021-01-27,https://boxd.it/wEeaR
2021-01-28,https://boxd.it/WdjV
2021-02-02,https://boxd.it/EP6z
2021-02-05,https://boxd.it/1BEtFD
2021-02-07,https://boxd.it/Q0Jgr
2021-02-08,https://boxd.it/RuvyF
2021-02-14,https://boxd.it/1vEiYZ
2021-02-14,https://boxd.it/u6HeH
2021-02-14,https://boxd.it/iMeXp
2021-02-14,https://boxd.it/1EIhiR
2021-03-04,https://boxd.it/1Apy9N
2021-03-05,https://boxd.it/YEbYV
2021-03-08,https://boxd.it/wBKp
2021-03-10,https://boxd.it/1lMSAF
2021-03-10,https://boxd.it/1GgkHR
2021-04-05,https://boxd.it/ECavp
2021-04-05,https://boxd.it/wHzXB
2021-04-05,https://boxd.it/AsIJf
2021-05-16,https://boxd.it/1kBCEP
2021-05-17,https://boxd.it/4vcm7
2021-05-17,https://boxd.it/mZvuh
2021-05-17,https://boxd.it/1QRPLT
2021-05-21,https://boxd.it/1ScOsH
2021-05-25,https://boxd.it/16im85
2021-05-25,https://boxd.it/1Kyva7
2021-05-25,https://boxd.it/1L2CfN
2021-05-25,https://boxd.it/1LfL6h
2021-05-25,https://boxd.it/1LKOMn
2021-06-08,https://boxd.it/gOtDv
2021-06-09,https://boxd.it/1THJYf
2021-06-17,https://boxd.it/1VN8iV
2021-07-14,https://boxd.it/q8NGl
2021-07-19,https://boxd.it/4eMct
2021-08-03,https://boxd.it/1lUnih
2021-08-04,https://boxd.it/1lnBE1
2021-08-04,https://boxd.it/Vfit
2021-08-04,https://boxd.it/E4SbZ
2021-08-04,https://boxd.it/zdzPT
2021-08-12,https://boxd.it/1Z3aYX
2021-08-14,https://boxd.it/ETdjP
2021-09-06,https://boxd.it/1TAQc9
2021-10-23,https://boxd.it/1BzVCR
2021-10-27,https://boxd.it/9DQZ5
2021-10-29,https://boxd.it/2f2rBj
2021-10-29,https://boxd.it/2evu5z
2021-10-30,https://boxd.it/2f2cfx
2021-12-01,https://boxd.it/2gFv8n
2021-12-01,https://boxd.it/2kkJkr
2021-12-13,https://boxd.it/9o95D
2021-12-22,https://boxd.it/2nHA5P
2022-01-03,https://boxd.it/2hfWMr
2022-01-06,https://boxd.it/2lC3sD
2022-01-13,https://boxd.it/FYYQb
2022-01-13,https://boxd.it/1gQF2N
2022-01-13,https://boxd.it/1E6HQp
2022-01-13,https://boxd.it/2jkwr1
2022-01-28,https://boxd.it/2pJlKb
2022-03-16,https://boxd.it/2EH2fz
2022-03-16,https://boxd.it/2EkqEH
2022-03-16,https://boxd.it/2DjjIB
2022-03-16,https://boxd.it/2BYCsr
2022-03-20,https://boxd.it/2G2JwT
2022-03-20,https://boxd.it/2G15DX
2022-03-20,https://boxd.it/EydD
2022-03-20,https://boxd.it/24SMel
2022-03-21,https://boxd.it/subB5
2022-03-22,https://boxd.it/XAuWx
2022-04-04,https://boxd.it/kBv7B
2022-04-11,https://boxd.it/nDkWf
2022-04-11,https://boxd.it/on5d7
2022-04-11,https://boxd.it/2Kc9GJ
2022-04-29,https://boxd.it/1BXwuB
2022-04-29,https://boxd.it/w5Q2L
2022-05-06,https://boxd.it/1Whb43
2022-05-19,https://boxd.it/2OJgOH
2022-05-19,https://boxd.it/2PGEN7
2022-06-11,https://boxd.it/21OM83
2022-09-18,https://boxd.it/3euFrn
2022-12-30,https://boxd.it/hnW2D
2023-02-09,https://boxd.it/3B38DD
2023-03-08,https://boxd.it/1cYMZH
2023-03-11,https://boxd.it/3XP1OD
2023-03-11,https://boxd.it/31frul
2023-03-11,https://boxd.it/3mmz0V
2023-04-01,https://boxd.it/43Ffmx
2023-07-09,https://boxd.it/4rfrkR
2023-07-20,https://boxd.it/4u0xhB
2023-07-20,https://boxd.it/4xDuFb
2023-07-28,https://boxd.it/zPf5H
2023-08-15,https://boxd.it/4HcYMd
2023-08-22,https://boxd.it/gaI1h
2023-09-03,https://boxd.it/dbztV
2023-09-14,https://boxd.it/4IqSp5
2023-09-15,https://boxd.it/4gEwbL
2023-09-15,https://boxd.it/4Ah80j
2023-09-18,https://boxd.it/AcGKt
2023-09-19,https://boxd.it/4RXkMr
2023-11-03,https://boxd.it/53UErl
2023-11-05,https://boxd.it/56wSVj
2023-11-05,https://boxd.it/4K2liP
2023-11-16,https://boxd.it/5adG0j
2023-11-26,https://boxd.it/4LNVF
2023-11-27,https://boxd.it/fzzv
2023-12-02,https://boxd.it/2x1uDR
2023-12-25,https://boxd.it/5menQv
2024-01-07,https://boxd.it/5vGaxd
2024-01-14,https://boxd.it/1iU7CX
2024-01-15,https://boxd.it/KTHLt
2024-01-15,https://boxd.it/2iWJc1
2024-03-22,https://boxd.it/66mLFh
